2022-01-03,우리네코다리,4,"48,000"
2022-01-04,등촌샤브칼국수,4,"52,000"
2022-01-04,스시범,4,"72,000"
2022-01-06,들깨이야기,4,"35,500"
2022-01-06,히노야마,4,"81,500"
2022-01-07,소담,4,"100,000"
2022-01-07,육대장양천구청점,3,"36,000"
2022-01-11,해까득,3,"27,000"
2022-01-14,은행나무집,4,"72,000"
2022-01-20,백락,6,"119,000"
2022-01-20,장성,6,"166,000"
2022-01-21,마실,6,"107,400"
2022-01-24,대복,6,"123,000"
2022-01-25,이마트목동점,다과류,"92,220"
2022-01-25,영산강 민물장어,6,"160,000"
2022-01-26,마싯는끼니,4,"47,000"
2022-01-26,억조1978,5,"101,000"
2022-01-27,ＳＳＧ．ＣＯＭ,다과류,"89,060"
2022-01-27,용호동낙지,5,"52,000"
2022-01-28,선식당,6,"135,200"
2022-02-03,우리네코다리,5,"80,000"
2022-02-04,소담,5,"40,000"
2022-02-07,양촌마을,6,"175,000"
2022-02-07,해미가,6,"110,000"
2022-02-08,미꼬담 부천까치울점,5,"80,000"
2022-02-09,ＳＳＧ．ＣＯＭ,다과,"85,688"
2022-02-09,고씨네,4,"30,500"
2022-02-09,양촌마을,6,"150,000"
2022-02-10,나주곰탕５７년,6,"106,000"
2022-02-11,현대백목동점,다과,"51,300"
2022-02-15,이마트목동점,다과,"69,100"
2022-02-15,세계과자　할인점,다과,"30,500"
2022-02-15,신의주찹쌀순대,6,"72,000"
2022-02-16,광수사,6,"104,000"
2022-02-18,만족오향족발,6,"102,000"
2022-02-21,１４일의　설레임,6,"120,000"
2022-02-21,ＳＳＧ．ＣＯＭ,다과,"85,020"
2022-02-22,옛날칼국수,4,"40,000"
2022-02-23,화돌농장,4,"47,000"
2022-02-23,화돌농장,6,"115,000"
2022-02-24,해까득,4,"31,000"
2022-02-25,오목집,4,"39,000"
2022-02-28,선도개발 목동식당,6,"50,000"
2022-02-28,장성,6,"148,000"
2022-03-02,승아식당,4,"45,000"
2022-03-04,골목길　삼겹살,6,"133,000"
2022-03-04,육감만족 양천구청점,6,"74,000"
2022-03-07,우리네코다리,5,"80,000"
2022-03-08,린궁즈,4,"72,000"
2022-03-10,ＳＳＧ．ＣＯＭ,다과,"90,660"
2022-03-11,이마트목동점,다과,"99,840"
2022-03-11,소담,6,"48,000"
2022-03-11,소풍화로,6,"180,000"
2022-03-11,지에스 더 프레시,다과,"119,800"
2022-03-14,해미가,5,"96,000"
2022-03-15,ＳＳＧ．ＣＯＭ,다과,"97,260"
2022-03-17,김가네（양천구청점）,6,"80,000"
2022-03-17,왕뼈감자탕고척점,4,"32,000"
2022-03-17,자연드림,다과,"25,200"
2022-03-18,해미가,4,"41,000"
2022-03-21,조선화로구이,5,"75,000"
2022-03-22,오르리단팥빵,4,"24,500"
2022-03-22,킹콩부대찌개,3,"53,000"
2022-03-23,교담길,8,"214,500"
2022-03-23,목동닭한마리칼국수,8,"110,000"
2022-03-25,선식당,6,"103,600"
2022-03-25,쿠스치노커피,다과,"40,000"
2022-03-29,ＳＳＧ．ＣＯＭ,다과,"90,460"
2022-03-29,동해일식,8,"218,000"
2022-03-29,분식이더치킨양천구청점,6,"39,000"
2022-03-30,육대장양천구청점,4,"36,000"
2022-03-31,금정,8,"212,000"
2022-03-31,스시범,5,"76,000"
2022-03-31,억조1978,5,"100,000"
2022-04-01,이마트목동점,다과,"87,220"
2022-04-01,세계과자　할인점,다과,"22,500"
2022-04-01,시루사랑신정점,3,"44,500"
2022-04-04,우리네코다리,8,"116,000"
2022-04-05,해까득,5,"48,000"
2022-04-06,해까득,4,"35,500"
2022-04-08,영산강 민물장어,8,"215,000"
2022-04-11,목동일도씨닭갈비,5,"74,000"
2022-04-11,장성,10,"265,000"
2022-04-12,ＳＳＧ．ＣＯＭ,다과,"98,150"
2022-04-12,김가네（양천구청점）,10,"110,000"
2022-04-12,빵카페,5,"20,000"
2022-04-12,육대장양천구청점,5,"50,000"
2022-04-14,마싯는끼니,7,"100,000"
2022-04-14,선식당,7,"78,100"
2022-04-15,만복림 시청점,10,"290,000"
2022-04-15,맥도날드신월ＤＴ점,7,"50,500"
2022-04-18,대복,4,"52,000"
2022-04-18,백락,5,"92,000"
2022-04-19,막걸리촌,4,"88,000"
2022-04-19,전통삼계탕,7,"84,000"
2022-04-20,무등산,6,"140,000"
2022-04-20,장독대김치찌개,3,"36,000"
2022-04-22,장수생고기,12,"271,000"
2022-04-25,우리네코다리,8,"109,000"
2022-04-26,봉평메밀막국수,6,"94,000"
2022-04-26,장수생고기,10,"260,000"
2022-04-26,해조활어회,6,"110,000"
2022-04-27,고씨네,3,"29,000"
2022-04-27,장수생고기,11,"294,000"
2022-04-28,두성전주콩나물국밥,8,"75,000"
2022-04-29,ＳＳＧ．ＣＯＭ,다과,"97,004"
2022-04-29,살구나무집칼국수,8,"77,000"
2022-05-02,우리네코다리,8,"114,000"
2022-05-04,락희앤컴퍼니－,10,"226,000"
2022-05-04,조선화로정육,5,"136,000"
2022-05-06,미꼬담 부천까치울점,5,"80,000"
2022-05-10,이마트목동점,다과,"38,940"
2022-05-10,얼음 대왕 아이스크림,다과,"59,200"
2022-05-11,ＳＳＧ．ＣＯＭ,다과,"96,798"
2022-05-12,용형호제　락희,10,"267,000"
2022-05-13,뽕잎사랑,3,"39,000"
2022-05-16,광수사,6,"78,000"
2022-05-17,억조1978,5,"95,000"
2022-05-17,호호반점,8,"87,200"
2022-05-19,선식당,7,"79,600"
2022-05-20,낙지와볼테기,3,"60,000"
2022-05-23,오빠초밥,10,"278,000"
2022-05-23,우리네코다리,5,"84,000"
2022-05-23,육화식당,9,"180,000"
2022-05-24,바르다김선생(오목교역점),6,"43,800"
2022-05-24,섬어부밥상,10,"228,000"
2022-05-25,농업회사법인아이쿱친,10,"31,250"
2022-05-25,육화식당,10,"228,000"
2022-05-25,컴포즈커피,2,"15,500"
2022-05-25,행컵,6,"45,200"
2022-05-26,대보름,3,"26,000"
2022-05-26,억조1978,6,"153,000"
2022-05-27,현경,8,"161,000"
2022-06-02,두성전주콩나물국밥,4,"36,000"
2022-06-03,쿠스치노커피,다과류,"40,000"
2022-06-07,ＳＳＧ．ＣＯＭ,다과류,"96,880"
2022-06-08,양천구청,다과류,"30,000"
2022-06-09,교담길,11,"285,500"
2022-06-10,낙지와볼테기,8,"87,000"
2022-06-13,이마트목동점,다과류,"99,940"
2022-06-13,골목길　삼겹살,12,"260,000"
2022-06-14,김밥천국,10,"150,000"
2022-06-15,춘천중앙로 숯불닭갈,6,"122,000"
2022-06-16,오성닭한마리,5,"40,000"
2022-06-16,초애,7,"120,000"
2022-06-17,동심네토종꺼먹돼지,6,"156,000"
2022-06-20,낙지와볼테기,8,"84,000"
2022-06-23,카페게이트,8,"19,000"
2022-06-24,북창동순두부,6,"150,000"
2022-06-27,해까득,7,"180,000"
2022-06-27,해미가,7,"98,000"
2022-06-28,ＳＳＧ．ＣＯＭ,다과류,"99,220"
2022-06-28,선식당,6,"77,800"
2022-06-28,우리네코다리,5,"62,000"
2022-06-29,양천뼈다귀,5,"58,000"
2022-06-30,남원추어탕,5,"86,000"
2022-07-01,컴포즈커피,6,"10,500"
2022-07-01,해미가,6,"96,000"
2022-07-04,낙지와볼테기,8,"70,000"
2022-07-05,이마트목동점,다과류,"97,100"
2022-07-06,온정손만두,6,"78,000"
2022-07-06,육감만족 양천구청점,8,"152,000"
2022-07-07,마초갈비,4,"73,000"
2022-07-07,우리네코다리,4,"39,000"
2022-07-07,테디랩,4,"54,000"
2022-07-08,파리바게뜨,10,"61,700"
2022-07-12,선식당,6,"83,700"
2022-07-15,미소참치,4,"75,000"
2022-07-18,우리네코다리,6,"98,000"
2022-07-18,조선화로구이,11,"250,000"
2022-07-18,쿠스치노커피,13,"110,000"
2022-07-19,마닐다닐,14,"175,000"
2022-07-25,장용재두부갤러리,7,"111,000"
2022-07-26,낙지와볼테기,6,"90,000"
2022-07-26,족발신선생,5,"79,000"
2022-07-27,왕뼈감자탕고척점,5,"45,000"
2022-07-28,둥근바다,8,"172,000"
2022-07-29,락앤웍,4,"90,000"
2022-08-01,우리네코다리,7,"111,000"
2022-08-01,해까득,10,"286,000"
2022-08-02,놀부부대찌개＆철판구,8,"133,800"
2022-08-02,소담,5,"108,000"
2022-08-04,김재운초밥사랑,5,"95,000"
2022-08-05,두성전주콩나물국밥,5,"245,000"
2022-08-08,동심네토종꺼먹돼지,6,"56,000"
2022-08-09,해미가,5,"90,000"
2022-08-10,이마트,다과류,"23,640"
2022-08-11,억조1978,10,"235,000"
2022-08-11,육화식당,8,"162,000"
2022-08-12,억조1978,10,"150,000"
2022-08-12,이마트,다과류,"94,760"
2022-08-17,선식당,6,"70,700"
2022-08-17,홍루이젠,다과류,"127,200"
2022-08-18,놀부부대찌개&철판구이,6,"65,300"
2022-08-18,치킨매니아,10,"207,800"
2022-08-19,북창동순두부,10,"180,000"
2022-08-19,소풍화로,12,"291,000"
2022-08-22,아재식당,5,"55,000"
2022-08-24,조선화로구이,13,"263,000"
2022-08-25,좋은아침,다과류,"360,000"
2022-08-26,두성전주콩나물국밥,7,"51,500"
2022-08-26,열빈,12,"287,000"
2022-08-26,조선화로구이,8,"182,000"
2022-08-29,대복,6,"102,000"
2022-08-29,열빈,12,"273,000"
2022-08-30,우리네코다리,6,"78,000"
2022-08-30,조선화로구이,12,"285,000"
2022-09-01,금정,7,"127,500"
2022-09-01,대복,4,"69,000"
2022-09-02,１４일의　설레임,6,"127,000"
2022-09-02,소담,5,"70,000"
2022-09-02,호호반점,7,"82,000"
2022-09-06,ＳＳＧ．ＣＯＭ,다과류,"92,900"
2022-09-06,장성,10,"241,000"
2022-09-07,알리,5,"24,500"
2022-09-13,우리네코다리,6,"98,000"
2022-09-15,항아리보쌈,8,"140,000"
2022-09-16,소담,12,"180,000"
2022-09-16,장성,6,"100,000"
2022-09-19,이마트,다과류,"99,770"
2022-09-20,본가설렁탕,8,"178,000"
2022-09-22,까페위드,다과류,"20,000"
2022-09-22,홈플러스,다과류,"70,060"
2022-09-23,배꼽집,8,"149,000"
2022-09-26,당산마루,5,"68,000"
2022-09-26,우리네코다리,5,"65,000"
2022-09-27,린궁즈,4,"47,000"
2022-09-27,아그라,7,"149,400"
2022-09-28,남원추어탕,8,"121,000"
2022-09-28,양천구청,다과류,"12,000"
2022-09-28,양천구청,다과류,"60,700"
2022-09-29,현경,8,"186,000"
2022-09-30,낙지와볼테기,4,"36,000"
2022-09-30,항아리보쌈,10,"36,000"
2022-10-04,바톤루즈,8,"144,000"
2022-10-04,반포식스,5,"101,000"
2022-10-06,ＳＳＧ．ＣＯＭ,다과류,"89,520"
2022-10-06,마싯는끼니,13,"230,000"
2022-10-06,우리네코다리,4,"49,000"
2022-10-06,축산이야기,13,"260,000"
2022-10-07,해미가,7,"106,000"
2022-10-11,놀부부대찌개＆철판구이,8,"95,800"
2022-10-12,대복,13,"221,000"
2022-10-13,육대장양천구청점,7,"78,000"
2022-10-14,린궁즈,7,"74,000"
2022-10-14,월촌도야지,14,"280,000"
2022-10-17,교보핫트랙스㈜,다과류,"99,800"
2022-10-17,낙지와볼테기,6,"59,000"
2022-10-17,우리네코다리,12,"234,000"
2022-10-18,조선화로구이,10,"218,000"
2022-10-19,서가앤쿡,12,"192,400"
2022-10-20,이태원천상여의도점,9,"174,000"
2022-10-21,북창동순두부,13,"220,000"
2022-10-25,능이오리백숙,6,"56,000"
2022-10-25,조선화로구이,14,"248,000"
2022-10-27,장성,12,"260,000"
2022-10-28,두성전주콩나물국밥,4,"43,500"
2022-10-28,두성전주콩나물국밥,11,"210,000"
2022-11-04,킹콩부대찌개,4,"46,000"
2022-11-07,우리네코다리,8,"111,000"
2022-11-08,호정,12,"260,000"
2022-11-10,까페위드,다과류,"20,000"
2022-11-10,낙지와볼테기,4,"40,000"
2022-11-11,두부골,5,"43,000"
2022-11-14,이마트목동점,다과류,"97,230"
2022-11-14,에스에이치푸드,5,"97,500"
2022-11-14,우리네코다리,8,"111,000"
2022-11-15,１４일의　설레임,7,"155,000"
2022-11-15,스타벅스,15,"100,000"
2022-11-16,명륜진사갈비,10,"231,000"
2022-11-16,배꼽집,10,"239,000"
2022-11-16,양천구청,음료,"92,000"
2022-11-17,축산이야기,10,"200,000"
2022-11-18,오성아구뽈찜,8,"94,000"
2022-11-22,GS25 목동라벨라점,다과류,"44,600"
2022-11-22,소풍화로,10,"220,000"
2022-11-23,명륜진사갈비,10,"209,500"
2022-11-24,대복,7,"112,000"
2022-11-24,둥근바다,10,"221,000"
2022-11-28,구이구이,8,"184,600"
2022-11-28,순이네쌈밥,4,"44,000"
2022-11-29,용형호제 락희안,6,"134,000"
2022-11-29,동아골뱅이,10,"174,000"
2022-11-30,경복궁도시락온,5,"95,000"
2022-11-30,복사꽃피는집,7,"102,300"
2022-11-30,섬어부밥상,7,"136,000"
2022-11-30,소풍화로,8,"126,000"
2022-12-01,신의주찹쌀순대,12,"200,000"
2022-12-02,킴스치킨,4,"63,500"
2022-12-05,등촌샤브칼국수,8,"98,000"
2022-12-05,족발신선생,4,"83,000"
2022-12-07,이마트목동점,다과류,"97,260"
2022-12-07,그로잉,다과류,"24,000"
2022-12-07,섬어부밥상,9,"210,000"
2022-12-07,육화식당,9,"201,000"
2022-12-07,참숯골,7,"126,000"
2022-12-08,우리네코다리,4,"62,000"
2022-12-09,삿뽀로,5,"100,000"
2022-12-12,마싯는끼니,12,"150,000"
2022-12-12,우리네코다리,9,"147,000"
2022-12-13,생어거스틴,10,"178,000"
2022-12-13,섬어부밥상,13,"198,000"
2022-12-14,김밥천국,12,"140,000"
2022-12-14,나주곰탕５７년,7,"121,000"
2022-12-14,충무횟집,4,"42,000"
2022-12-16,낙지와볼테기,8,"135,000"
2022-12-16,마실,12,"236,400"
2022-12-16,홈플러스,다과류,"113,970"
2022-12-19,고기명가,5,"70,000"
2022-12-19,억조1978,3,"48,000"
2022-12-20,놀부부대찌개＆철판구이,4,"42,000"
2022-12-20,마싯는끼니,8,"190,000"
2022-12-21,나주곰탕５７년,9,"182,000"
2022-12-21,홍콩반점０４１０,5,"64,500"
2022-12-22,조선화로구이,4,"52,000"
2022-12-23,이마트목동점,다과류,"89,460"
2022-12-23,금성수제돈까스,5,"48,500"
2022-12-23,충무횟집,4,"50,000"
2022-12-23,현경,5,"89,000"
2022-12-26,채영진의 명품생고기,5,"101,000"
2022-12-28,낙지와볼테기,12,"241,000"
2022-12-28,투썸플레이스,7,"33,500"
