2022-01-05,혼마참치,4,"81,000"
2022-01-07,굴다리집,-,"85,000"
2022-01-10,바다목장,4,"48,000"
2022-01-10,채선당,4,"66,000"
2022-01-11,서울안심축산,4,"114,000"
2022-01-11,한우마을,3,"65,000"
2022-01-12,본만두,4,"48,000"
2022-01-12,채선당,3,"60,000"
2022-01-13,깊은바다,4,"80,000"
2022-01-14,서울안심축산,4,"100,000"
2022-01-14,아리스타,-,"78,200"
2022-01-17,궁전기와집,5,"96,000"
2022-01-19,굴다리집,3,"40,000"
2022-01-19,생선전문점명가,3,"30,000"
2022-01-19,오류골,4,"88,000"
2022-01-20,대박고깃집,6,"151,000"
2022-01-20,홍루이젠 신도림역점,-,"96,000"
2022-01-24,궁원복집,6,"164,000"
2022-01-26,서울안심축산,6,"155,000"
2022-01-26,혼마참치,4,"108,000"
2022-01-27,제주은희네해,4,"35,000"
2022-02-03,궁원복집,6,"156,000"
2022-02-03,진미명가,5,"120,000"
2022-02-04,굴다리집,-,"176,000"
2022-02-04,남도식당,4,"52,000"
2022-02-04,진미명가,6,"158,000"
2022-02-04,한국야쿠르트,-,"30,000"
2022-02-08,한우일번지,4,"94,000"
2022-02-09,스시히라,6,"158,000"
2022-02-09,카페토실,-,"41,500"
2022-02-10,라크라센타커피 앤컴퍼,3,"24,000"
2022-02-11,생선전문점명가,-,"54,000"
2022-02-11,육간청,5,"120,000"
2022-02-14,소문난 염소탕,4,"52,000"
2022-02-14,진미명가,6,"152,000"
2022-02-14,청수횟집,5,"89,000"
2022-02-16,더치앤빈 구,-,"21,300"
2022-02-16,디큐브시티 삿뽀로,5,"125,000"
2022-02-16,시골집,5,"104,000"
2022-02-16,시골집,5,"104,000"
2022-02-17,아구랑낙지랑,5,"98,000"
2022-03-02,한국야쿠르트,-,"42,000"
2022-03-02,한국야쿠르트,-,"24,000"
2022-03-03,향촌숯불돈갈비,6,"153,000"
2022-03-07,뒤뜰,6,"65,300"
2022-03-08,바다목장,3,"57,000"
2022-03-09,본도시락,-,"83,700"
2022-03-10,갑자기,3,"12,000"
2022-03-10,굴다리집,6,"151,000"
2022-03-10,굴다리집,4,"108,000"
2022-03-11,주식회사현대백화점,-,"125,000"
2022-03-14,굴다리집,5,"120,000"
2022-03-14,김밥나라,-,"60,500"
2022-03-14,라크라센타커피 앤컴퍼,5,"102,240"
2022-03-14,써니주분,5,"23,000"
2022-03-14,투썸플레이스,-,"31,000"
2022-03-15,황소곱창,5,"131,000"
2022-03-16,갈비명가,6,"152,000"
2022-03-16,진미명가,4,"80,000"
2022-03-16,풍천참숯불즉석장,6,"160,000"
2022-03-17,복먹고복받고,5,"99,000"
2022-03-17,카페 사월,-,"32,100"
2022-03-18,본도시락,-,"102,400"
2022-03-18,풍천참숯불즉석장,6,"125,000"
2022-03-21,스시히라,-,"114,000"
2022-03-22,실크로드 송림가,8,"192,000"
2022-03-22,한우식당,8,196000
2022-03-23,제주도,5,"106,000"
2022-03-24,굴다리집,8,"212,000"
2022-03-24,중앙ｅ마트,-,"267,000"
2022-03-25,굴다리집,4,"84,000"
2022-03-25,동궁찜닭,6,"121,000"
2022-03-28,바다목장,6,"134,000"
2022-03-29,천왕산책쉼터,4,"17,000"
2022-03-29,특미순대국,6,"80,000"
2022-03-30,공간장어,4,"82,000"
2022-03-31,소우주,3,"54,000"
2022-04-01,맛닭꼬,-,"31,900"
2022-04-01,아구랑낙지랑,7,"132,000"
2022-04-04,조선갈비실록?구,8,"190,000"
2022-04-04,한국야쿠르트,-,"44,000"
2022-04-05,팥이야기,-,"20,000"
2022-04-07,라크라센타커피 앤컴퍼,9,"204,000"
2022-04-07,서울안심축산정육,7,"235,000"
2022-04-08,갑자기,-,"62,200"
2022-04-08,궁원복집,8,"182,000"
2022-04-11,냉정과 열정 사이,4,"20,000"
2022-04-11,본만두,10,"226,000"
2022-04-12,골뱅이창,10,"288,000"
2022-04-12,참조은순대국전문,10,"289,000"
2022-04-14,라크라센타커피 앤컴퍼,5,"139,500"
2022-04-14,본만두,9,"108,000"
2022-04-14,콩뿌리,-,"21,000"
2022-04-15,굴다리집,6,"159,000"
2022-04-15,서울안심축산정육,8,"192,000"
2022-04-15,올댓파스타,8,"93,500"
2022-04-18,굴다리집,7,"168,000"
2022-04-18,오사카로,6,"147,000"
2022-04-18,황태뚝배기칼국수,4,"31,000"
2022-04-19,청해식당,8,"233,000"
2022-04-20,갈비명가,10,"228,000"
2022-04-20,내고향식당,4,"78,000"
2022-04-21,골뱅이창,8,"224,000"
2022-04-22,가마솥밥상,6,"86,000"
2022-04-22,황태뚝배기칼국수,12,"230,000"
2022-04-25,이조손칼국수,3,"24,000"
2022-04-26,두우리수산,6,"151,000"
2022-04-26,만나본가,6,"172,000"
2022-04-26,제주도,10,"195,000"
2022-04-26,훔친장어,8,"200,000"
2022-04-28,본만두,4,"60,000"
2022-04-28,신마포갈비,7,"240,000"
2022-04-28,오비스트로,8,"107,500"
2022-04-28,카페 피카,3,"18,000"
2022-04-29,더알리오,7,"96,400"
2022-04-29,본만두,6,"72,000"
2022-04-29,이디야커피 구로역광,5,"23,800"
2022-05-03,아리스타,9,"127,000"
2022-05-03,에치와이,-,"94,000"
2022-05-03,한국야쿠르트,-,"94,000"
2022-05-03,한국야쿠르트,-,"30,000"
2022-05-04,라크라센타커피 앤컴퍼,10,"209,000"
2022-05-06,서울안심축산정육,11,"241,000"
2022-05-06,청수횟집,7,"157,000"
2022-05-06,한국야쿠르트,-,"52,500"
2022-05-09,피자헛,-,"297,300"
2022-05-10,갈비명가,10,"195,000"
2022-05-10,궁원복집,12,"242,000"
2022-05-10,생선전문점명가,4,"66,000"
2022-05-10,진사향,9,"89,500"
2022-05-11,갈비명가,9,"204,000"
2022-05-11,갑자기,6,"18,500"
2022-05-12,궁원복집,4,"81,000"
2022-05-12,아구랑낙지랑,8,"100,000"
2022-05-12,청수횟집,6,"111,000"
2022-05-16,황태뚝배기칼국수,15,"270,000"
2022-05-17,갈비명가,12,"212,000"
2022-05-18,설악추어탕한모둠,9,"244,000"
2022-05-19,이마트신도,-,"494,960"
2022-05-19,향촌숯불돈갈비,12,"232,000"
2022-05-20,갈비명가,5,"143,000"
2022-05-20,다채 개봉역점,8,"242,000"
2022-05-20,보배반점,6,"82,000"
2022-05-20,약산골돼지갈비,8,"184,000"
2022-05-20,프레퍼스 다이어트,3,"16,800"
2022-05-23,명가한식부페,8,"180,000"
2022-05-23,서울안심축산정육,6,"370,000"
2022-05-23,아리스타,-,"88,000"
2022-05-23,카페인중독 구로,6,"25,500"
2022-05-25,짬뽕의신화,7,"147,000"
2022-05-26,두우리수산,6,"138,000"
2022-05-26,서울안심축산정육,10,"250,000"
2022-05-27,복먹고복받고,6,"105,000"
2022-05-27,커피베이 구로동,3,"11,200"
2022-05-30,생선전문점명가,6,"66,000"
2022-05-30,서울안심축산정육,6,"80,000"
2022-05-30,아인스커피,5,"22,900"
2022-05-30,중앙ｅ마트,-,"391,900"
2022-05-30,천상계 닭한마리,10,"100,000"
2022-05-30,한우식당,3,"27,000"
2022-05-31,어다리횟집,5,"125,000"
2022-06-02,생물이야기,6,"110,000"
2022-06-02,투썸플레이스,5,"23,000"
2022-06-03,김가네추어탕,6,"60,000"
2022-06-03,이실이네,9,"185,000"
2022-06-03,한국야쿠르트,-,"122,500"
2022-06-07,ＣＡＦＥ９５,5,"23,300"
2022-06-07,ＳＳＧ．ＣＯＭ,-,"161,360"
2022-06-07,오사카로,6,"151,000"
2022-06-08,대한돈립,6,"129,000"
2022-06-09,진미명가,4,"65,000"
2022-06-10,굴다리집,8,"218,000"
2022-06-10,맘스터치 구로시 장점,-,"179,300"
2022-06-10,서울안심축산,9,"165,000"
2022-06-13,ＣＡＦＥ９５,-,"35,500"
2022-06-13,ＣＡＦＥ９５,-,"200,000"
2022-06-13,선운산민물장어,10,"199,000"
2022-06-13,주식회사에이닐에 프앤,8,"85,000"
2022-06-14,본만두,6,"72,000"
2022-06-15,몽유도원,-,"392,500"
2022-06-15,주식회사현대백화점,5,"135,000"
2022-06-17,라크라센타커피 앤컴퍼,10,"196,000"
2022-06-17,버거킹 구로구청 점,6,"126,000"
2022-06-21,조선갈비실록 구 로점,9,"212,000"
2022-06-21,한국야쿠르트,-,"45,000"
2022-06-22,아구랑낙지랑,8,"96,000"
2022-06-23,중앙ｅ마트,-,"145,000"
2022-06-24,깊은바다,6,"66,000"
2022-06-24,이자카야나무,6,"148,000"
2022-06-24,피자헛,-,"205,840"
2022-06-27,갑자기,7,"35,500"
2022-06-27,국수뜨락,6,"66,000"
2022-06-27,아구랑낙지랑,6,"74,000"
2022-06-27,진미명가,9,"162,000"
2022-06-27,파리바게뜨구로구 청점,-,"98,000"
2022-06-28,보배반점,6,"71,000"
2022-06-28,실크로드 송림가,18,"432,000"
2022-06-29,갈비명가,9,"224,000"
2022-06-29,한우식당,5,"148,000"
2022-06-30,서울안심축산,3,"41,200"
2022-06-30,아리스타,5,"20,800"
2022-06-30,이랜드리테일ＮＣ 구로,4,"109,190"
2022-06-30,짬뽕의신화 ,10,"126,000"
2022-06-30,피자헛,7,"171,200"
2022-07-01,굴다리집,16,"415,000"
2022-07-01,스타벅스 코리 아,5,"47,700"
2022-07-04,산채순대,9,"95,000"
2022-07-05,갈비명가,,"379,000"
2022-07-05,국수뜨락,5,"59,500"
2022-07-05,카페 피카,12,"97,000"
2022-07-05,한우식당,8,"203,000"
2022-07-06,부뚜막청국장,8,"89,000"
2022-07-06,에치와이,-,"30,000"
2022-07-07,거금도갯장어마을,10,"282,000"
2022-07-08,송이족발,6,"64,000"
2022-07-11,한우식당,6,"143,000"
2022-07-12,실크로드 송림가,16,"386,000"
2022-07-12,약초마을,15,"375,000"
2022-07-12,진미명가,15,"370,000"
2022-07-13,늘푸른채샤브샤브,-,"56,000"
2022-07-13,생선전문점명가,9,"33,000"
2022-07-14,３５３５ 부대 찌개와,6,"51,000"
2022-07-14,신마포갈비,-,"285,000"
2022-07-14,오류골,4,"99,000"
2022-07-14,전가복,11,"238,000"
2022-07-15,바다목장,6,"326,000"
2022-07-15,서울안심축산,8,"196,000"
2022-07-15,진미명가,6,"380,000"
2022-07-18,혼마참치,12,"303,000"
2022-07-19,생물이야기,4,"45,000"
2022-07-19,진미명가,6,"311,000"
2022-07-19,최경은아구찜,5,"85,000"
2022-07-20,배스킨라빈스 구로구,-,"118,800"
2022-07-20,황태뚝배기칼국수,10,"90,000"
2022-07-21,대한돈립,6,"127,000"
2022-07-21,청수횟집,7,"150,000"
2022-07-22,대한돈립,8,"209,000"
2022-07-25,ＳＳＧ．ＣＯＭ,-,"49,600"
2022-07-25,진미명가,3,"56,000"
2022-07-26,풍천참숯불즉석 장어구,9,"157,000"
2022-07-27,김가네추어탕,10,"100,000"
2022-07-27,보배반점,6,"67,000"
2022-07-27,진미명가,9,"176,000"
2022-07-28,라크라센타커피 앤컴퍼,4,"23,040"
2022-07-28,본만두,6,"74,000"
2022-07-28,훔친장어,5,"109,000"
2022-07-29,아구랑낙지랑,8,"147,000"
2022-07-29,청수횟집,10,"219,000"
2022-08-01,국수뜨락,7,"69,000"
2022-08-01,백스트릿나인 ,7,"26,700"
2022-08-01,보배반점,6,"80,500"
2022-08-01,한우일번지,3,"36,000"
2022-08-02,김가네추어탕,5,"50,000"
2022-08-02,에치와이,-,"18,000"
2022-08-02,특미순대국,3,"24,000"
2022-08-02,한국야쿠르트,-,"31,500"
2022-08-03,진미명가,19,"317,000"
2022-08-04,등촌칼국수,6,"78,500"
2022-08-04,백스트릿나인 ,6,"23,100"
2022-08-05,궁전기와집,10,"139,000"
2022-08-10,소문난 염소탕,4,"42,000"
2022-08-10,종로김밥,-,"113,000"
2022-08-12,선운산민물장어,5,"95,000"
2022-08-12,한우식당,10,"164,000"
2022-08-16,실크로드 송림가,9,"200,000"
2022-08-16,제주돈사돈,6,"85,500"
2022-08-16,풍년갈비,3,"60,000"
2022-08-17,라크라센타커피 앤컴퍼,7,"86,480"
2022-08-17,아리스타,-,"264,000"
2022-08-18,인창해물섞어탕 찜,10,"113,000"
2022-08-18,특미순대국,5,"54,000"
2022-08-18,판교집,7,"119,000"
2022-08-19,갈비명가,8,"126,000"
2022-08-19,과일나라,-,"46,000"
2022-08-22,ＳＳＧ．ＣＯＭ,-,"46,340"
2022-08-22,국수뜨락,9,"61,000"
2022-08-22,김가네추어탕,7,"70,000"
2022-08-22,투썸플레이스,-,"29,800"
2022-08-23,아인스커피,7,"28,000"
2022-08-23,인창해물섞어탕 찜,8,"94,000"
2022-08-24,ＳＳＧ．ＣＯＭ,-,"48,200"
2022-08-24,궁원복집,9,"111,000"
2022-08-24,바다목장,9,"122,000"
2022-08-25,보배반점,5,"51,000"
2022-08-25,약초마을,11,"207,000"
2022-08-25,혼마참치,15,"172,000"
2022-08-29,생선전문점명가,6,"66,000"
2022-08-29,오사카로,7,"172,000"
2022-08-29,특미순대국,4,"44,000"
2022-08-30,본도시락,5,"51,600"
2022-08-30,옛날바지락칼국 수,4,"32,000"
2022-08-31,ＳＳＧ．ＣＯＭ,-,"46,760"
2022-08-31,능이네 능이버섯 백숙삼,10,"100,000"
2022-09-01,아구랑낙지랑,12,"338,000"
2022-09-05,본도시락,-,"94,600"
2022-09-05,한국야쿠르트,-,"30,000"
2022-09-06,오류골,4,"109,000"
2022-09-06,컴포,6,"69,000"
2022-09-07,등촌칼국수,6,"87,000"
2022-09-07,본도시락,-,"138,100"
2022-09-07,조선갈비실록 구로점,11,"275,000"
2022-09-08,서울안심축산,9,"195,000"
2022-09-14,굴다리집,18,"263,000"
2022-09-15,궁전기와집,7,"82,000"
2022-09-15,동해해물탕,3,"48,000"
2022-09-15,인창해물섞어탕 찜,6,"73,000"
2022-09-15,한우식당,11,"246,000"
2022-09-16,중앙ｅ마트,-,"700,700"
2022-09-16,하루,5,"55,000"
2022-09-19,늘푸른채샤브샤브,7,"108,000"
2022-09-20,서울국수,7,"65,000"
2022-09-20,아구랑낙지랑,11,"240,000"
2022-09-20,종로김밥,-,"209,500"
2022-09-20,카페 마루 공 방,4,"20,000"
2022-09-21,신마포갈비,6,"98,000"
2022-09-22,본도시락,-,"46,300"
2022-09-26,갈비명가,12,"229,000"
2022-09-26,이실이네,10,"246,000"
2022-09-27,깊은바다,6,"63,000"
2022-09-28,선운산민물장어,8,"193,000"
2022-09-29,굴다리집,4,"40,000"
2022-09-29,인창해물섞어탕 찜,8,"86,000"
2022-09-29,장군주먹고기,13,"230,000"
2022-09-30,생선전문점명가,3,"22,000"
2022-09-30,오사카로,6,"117,000"
2022-10-04,황가네,6,"66,000"
2022-10-05,가빈,-,"90,000"
2022-10-05,한국야쿠르트,-,"33,600"
2022-10-05,혼마참치,6,"72,000"
2022-10-06,깊은바다,7,"100,000"
2022-10-06,세와플,7,"33,000"
2022-10-06,이실이네대게수 산,8,"154,000"
2022-10-07,혼마참치,8,"135,000"
2022-10-11,강촌닭갈비,6,"103,000"
2022-10-11,아구랑낙지랑,12,"245,000"
2022-10-12,이자카야나무 ,6,"100,000"
2022-10-14,신마포갈비,-,"252,000"
2022-10-18,보배반점,7,"144,000"
2022-10-20,갈비명가,32,"448,000"
2022-10-24,신호떡집,-,"100,000"
2022-10-25,라크라센타커피 앤컴퍼,-,"230,000"
2022-10-25,소문난 염소탕,3,"42,000"
2022-10-25,커먼스테이크＆ 펍,8,"122,500"
2022-10-25,파티오,5,"86,400"
2022-10-26,생선전문점명가,7,"88,000"
2022-10-28,인창해물섞어탕 찜,6,"62,000"
2022-10-28,한우가,6,"136,400"
2022-10-31,ＳＳＧ．ＣＯＭ,-,"76,240"
2022-10-31,본도시락,-,"83,600"
2022-10-31,본죽,-,"110,000"
2022-11-01,황태뚝배기칼국수,8,"90,000"
2022-11-04,콩나물국밥시루 향기,6,"64,000"
2022-11-07,굴다리집,8,"79,000"
2022-11-08,만복영양솥밥,8,"80,000"
2022-11-08,인창해물섞어탕 찜,9,"98,000"
2022-11-09,굴다리집,-,"274,000"
2022-11-09,등촌칼국수,6,"69,500"
2022-11-09,혼마참치,4,"49,000"
2022-11-10,굴다리집,5,"64,000"
2022-11-10,파리바게뜨구로 구청점,-,"380,000"
2022-11-11,깊은바다,6,"114,000"
2022-11-11,만복영양솥밥,5,"50,000"
2022-11-11,아구랑낙지랑,8,"188,000"
2022-11-14,진미명가,6,"100,000"
2022-11-15,궁전기와집,-,"180,000"
2022-11-15,인창해물섞어탕 찜,15,"199,000"
2022-11-17,혼마참치,6,"88,000"
2022-11-18,아구랑낙지랑,10,"225,000"
2022-11-18,혼마참치,6,"70,000"
2022-11-21,궁전기와집,13,"220,000"
2022-11-22,깊은바다,8,"94,000"
2022-11-22,서울안심축산,11,"209,000"
2022-11-23,라크라센타커피 앤컴퍼,-,"120,000"
2022-11-23,약초마을,-,"350,000"
2022-11-23,약초마을,8,"97,000"
2022-11-23,홍루이젠 신도림역점,-,"78,700"
2022-11-24,골뱅이창,10,"201,000"
2022-11-24,홍루이젠 신도림역점,-,"82,000"
2022-11-25,갈비명가,13,"210,000"
2022-11-25,팥이야기,3,"36,000"
2022-11-29,오사카로,-,"230,000"
2022-11-30,조선갈비실록 구로점,8,"190,000"
2022-11-30,혼마참치,-,"300,000"
2022-11-30,혼마참치,6,"126,000"
2022-12-02,ＳＳＧ．ＣＯＭ,-,"95,030"
2022-12-02,본토박이한우백 화점,7,"134,000"
2022-12-05,커피１０１스트 릿,-,"21,000"
2022-12-06,종로김밥,-,"247,500"
2022-12-06,참조은순대국전 문점,4,"54,000"
2022-12-07,서울안심축산,14,"237,000"
2022-12-08,서울안심축산,11,"170,000"
2022-12-08,정육식당,7,"119,000"
2022-12-08,한국야쿠르트,-,"42,300"
2022-12-09,경북상회,15,"205,000"
2022-12-09,깊은바다,8,"80,000"
2022-12-09,만복영양솥밥,12,"120,000"
2022-12-12,팥이야기,9,"97,000"
2022-12-13,갈비명가,12,"200,000"
2022-12-15,종로김밥,-,"200,500"
2022-12-16,ＳＳＧ．ＣＯＭ,-,"92,900"
2022-12-16,서울안심축산,11,"198,000"
2022-12-16,실크로드 송림가,20,"489,000"
2022-12-19,궁전기와집,21,"378,000"
2022-12-19,복먹고복받고 ,10,"196,000"
2022-12-19,복먹고복받고 ,10,"10,000"
2022-12-19,종로김밥,-,"237,500"
2022-12-21,거금도갯장어마을,15,"270,000"
2022-12-21,민물공원,12,"250,000"
2022-12-23,서울안심축산,11,"238,000"
2022-12-26,본도시락,-,"182,800"
2022-12-26,송이족발,6,"67,000"
2022-12-26,실크로드 송림가,20,"398,000"
2022-12-26,진미명가,15,"282,000"
2022-12-27,깊은바다,9,"127,000"
2022-12-27,스타벅스 코리 아,-,"60,500"
2022-12-27,아구랑낙지랑,15,"337,000"
2022-12-28,굴다리집,18,"359,000"
2022-12-28,중앙e마트,-,"465,000"
