2022-01-06,메밀이 생각날때,4,30000
2022-01-06,행복나무 F&B,4,26000
2022-01-07,빈티지204,4,35000
2022-01-10,뽕잎냉면샤브샤브칼국수,4,44000
2022-01-10,이부장 스시,4,108500
2022-01-10,황칠나라강강수올래,4,120000
2022-01-11,칡산에황제보쌈,3,30000
2022-01-12,이병태함흥냉면,3,37000
2022-01-12,차이웬,4,92000
2022-01-12,황칠나라강강수올래,3,66000
2022-01-13,정선할매,3,80000
2022-01-13,토박이부대찌개전문점,3,24000
2022-01-14,여미향 망개떡 서대,'-,60200
2022-01-14,이부장 스시,3,29000
2022-01-17,빈티지204,5,75200
2022-01-17,참치애난,4,57000
2022-01-17,토박이 부대찌개 전문점,4,100000
2022-01-18,베트남 포 탄마이 쌀국수,4,39000
2022-01-19,보리네 생고깃간,6,115000
2022-01-19,참치애난,3,28000
2022-01-20,시골홍두깨칼국수,4,32000
2022-01-20,써브웨이은평구청점,2,24900
2022-01-20,여미향망개떡서대문점,'-,180000
2022-01-21,보리네 생고깃간,6,172000
2022-01-21,오이삐,5,66000
2022-01-24,보리네 생고깃간,6,165000
2022-01-25,경복궁 녹번점,3,75000
2022-01-25,보리네생고깃간,6,156000
2022-01-25,빈티지204,6,40000
2022-01-25,주식회사 아스터리테,5,83800
2022-01-25,진흥마켓,'-,320230
2022-01-26,대호상사,-,33000
2022-01-26,섬진강참숯민물,4,66000
2022-01-27,녹파랑,4,50000
2022-01-27,보리네 생고깃간,6,155000
2022-01-27,뽕잎냉면 샤브샤브 칼국수,5,70000
2022-01-28,정선할매,6,120000
2022-01-28,행복나무 F&B,6,72000
2022-02-04,대성각,4,60000
2022-02-04,어가초밥,6,130000
2022-02-04,정선할매,4,48000
2022-02-04,정선할매,6,72000
2022-02-07,최부자,4,50000
2022-02-09,보리네 생고깃간,6,165000
2022-02-09,오이삐,4,59000
2022-02-10,누구나홀딱반한닭,4,71800
2022-02-10,이부장 스시,3,54000
2022-02-10,최부자,6,146000
2022-02-11,보리네 생고깃간,5,112000
2022-02-11,칡산에 황제보쌈,4,72000
2022-02-14,광동상사(은평),'-,90000
2022-02-14,보리네 생고깃간,5,110000
2022-02-15,보리네 생고깃간,4,38000
2022-02-15,최부자,5,112000
2022-02-16,뽕잎냉면 샤브샤브 칼국수,5,84000
2022-02-17,소담,6,113000
2022-02-17,저스트텐동앤경양카츠,4,59600
2022-02-18,설악추어탕한모둠순대국,6,75000
2022-02-18,저스트텐동앤경양카츠,6,82400
2022-02-21,정,5,103000
2022-02-22,은평수도시락,5,47000
2022-02-23,아우랑횟집,6,110000
2022-02-23,이부장 스시,6,86000
2022-02-24,설악추어탕한모둠순대국,6,109000
2022-02-25,은평수도시락,4,36000
2022-02-25,참맛어울림,5,64000
2022-02-25,토종능이버섯백숙,6,90000
2022-02-25,행복나무 F&B,6,90000
2022-02-28,사이,5,53000
2022-02-28,은평수도시락,3,31000
2022-03-02,정선할매,3,30000
2022-03-03,성원감자국닭한마리,5,73000
2022-03-03,저스트텐동 앤 경양카츠,3,29800
2022-03-04,오이삐,6,58000
2022-03-07,바다생선구이,3,27000
2022-03-07,충무칼국수,4,78000
2022-03-08,오이삐,6,59000
2022-03-08,은평수도시락,4,43000
2022-03-10,사이,2,15000
2022-03-10,참치애난,5,78000
2022-03-14,동굴과화로구이,6,145000
2022-03-14,정,6,61000
2022-03-15,오이삐,5,92500
2022-03-15,저스트텐동 앤 경양카츠,4,59600
2022-03-16,골목집,4,58000
2022-03-16,산도토리 임자탕,5,48000
2022-03-17,어가초밥,6,150000
2022-03-17,은평구청 구내식당,2022,100000
2022-03-18,보리네생고깃간,6,95000
2022-03-22,오이삐,6,58000
2022-03-22,충무칼국수,5,91000
2022-03-23,누구나 홀딱 반한 닭,4,48800
2022-03-25,대성각,6,96000
2022-03-25,빈티지204,6,45500
2022-03-25,정정당당/은평,8,200000
2022-03-25,진흥마켓,39,96230
2022-03-28,소담,7,80000
2022-03-29,칡산에황제보쌈,7,95000
2022-03-31,백년백세삼계탕,7,98000
2022-04-01,뽕잎냉면 샤브샤브 칼국수,7,82000
2022-04-05,공차 녹번역점,6,29600
2022-04-05,행복나무 F&B,8,146000
2022-04-06,어가초밥,5,150000
2022-04-07,저스트텐동 앤 경양카츠,8,98300
2022-04-08,탕옌,6,52000
2022-04-12,잇츠 파스타(EATS PASTA),6,133000
2022-04-13,두메골생고기집,6,60000
2022-04-13,토박이 부대찌개 전문점,5,116000
2022-04-14,백년백세삼계탕,5,73000
2022-04-15,스시벅스 응암점,4,43600
2022-04-15,토종능이버섯백숙,9,165000
2022-04-18,백년백세삼계탕,5,86000
2022-04-19,최부자,8,85000
2022-04-20,구움달,7,27000
2022-04-22,설악추어탕한모듬순대,6,75000
2022-04-22,칡산에황제보쌈,7,130000
2022-04-27,뽕잎냉면 샤브샤브 칼국수,8,120000
2022-04-27,탕옌,5,146000
2022-04-28,이화수전통육개장,2,19000
2022-04-28,행복나무 F&B,8,96000
2022-04-29,이화수 전통육계장 은평구청점,8,144500
2022-05-02,저스트텐동 앤 경양카츠 은평로점,6,83400
2022-05-02,최부자,9,145000
2022-05-03,뚜레쥬르 은평구청점,'-,55000
2022-05-04,행복나무 F&B,4,32000
2022-05-06,맘스터치 은평구청점,7,124400
2022-05-06,애월,8,107000
2022-05-06,이가네설렁탕,5,56000
2022-05-06,일품간장게장,6,98000
2022-05-09,노량진횟집,5,109000
2022-05-09,주돈라멘,3,27000
2022-05-09,토박이 부대찌개 전문점,4,36000
2022-05-10,네이버파이낸셜,-,76000
2022-05-11,네이버파이낸셜,'-,102200
2022-05-11,뽕잎냉면 샤브샤브 칼국수,8,117600
2022-05-12,경주식당 연신내점,8,151000
2022-05-12,차이웬,7,151000
2022-05-12,행복나무 F&B,8,100000
2022-05-13,트라토피아피우,6,129000
2022-05-16,써브웨이은평구청점,8,100000
2022-05-16,일품간장게장,6,100000
2022-05-17,이디야 응암역점,3,11200
2022-05-18,뽕잎냉면샤브샤브칼국,5,66000
2022-05-18,장모님해장국,4,39000
2022-05-19,백년백세삼계탕,7,98000
2022-05-19,진흥마켓,'-,31170
2022-05-20,이부장 스시,7,199000
2022-05-23,칡산에 황제보쌈,8,150000
2022-05-23,홀리더카페세나클,4,13000
2022-05-24,동나루왕숯불갈비,7,135000
2022-05-24,뚜레쥬르 은평구청점,7,92000
2022-05-27,써브웨이 은평구청점,6,50600
2022-05-31,연희김밥 은평구청점,5,18000
2022-06-02,기브앤카페,4,14900
2022-06-02,녹파랑,3,23000
2022-06-03,덕수정,2,21000
2022-06-03,행복나무 F&B,8,98000
2022-06-08,설악추어탕한모둠순대국,8,95000
2022-06-09,연희김밥 은평구청점,5,31500
2022-06-10,오이삐,6,56000
2022-06-13,뚜레쥬르 녹번역점,'-,31000
2022-06-13,뽕잎냉면 샤브샤브 칼국수,7,80000
2022-06-14,노량진횟집,6,140000
2022-06-14,대성각,8,112000
2022-06-14,써브웨이 은평구청점,4,31400
2022-06-16,정선할매,-,60000
2022-06-17,사이,8,84000
2022-06-17,어가초밥,7,88000
2022-06-21,나노삼원돈,4,26000
2022-06-21,칡산에 황제보쌈,8,120000
2022-06-22,보리네 생고깃간,7,94000
2022-06-22,이병태함흥냉면,7,100000
2022-06-24,산도토리 임자탕,5,47000
2022-06-28,정선할매,4,78000
2022-06-29,37.5 녹번,6,129500
2022-06-29,뽕잎냉면 샤브샤브 칼국수,7,110000
2022-06-30,삿뽀로 녹번점,8,922000
2022-06-30,행복나무 F&B,6,58000
2022-07-01,저스트텐동 앤 경양카츠 은평로점,5,50600
2022-07-01,행복나무 F&B,8,66000
2022-07-04,써브웨이 은평구청점,6,55200
2022-07-04,어가초밥,7,94000
2022-07-05,최부자,4,71000
2022-07-05,칡산에황제보쌈,7,75000
2022-07-08,보리네 생고깃간,6,105000
2022-07-08,설악추어탕한모둠순대국,6,104000
2022-07-11,광동상사(은평),'-,90000
2022-07-12,풍천장어 응암점,6,95000
2022-07-14,이마트은평점,'-,210000
2022-07-14,장모님해장국,5,57000
2022-07-14,정선할매,4,60000
2022-07-14,풍천장어 응암점,5,165000
2022-07-15,아우랑횟집,4,102000
2022-07-15,아우랑횟집,7,110000
2022-07-15,진흥마켓,-,39390
2022-07-15,진흥마켓,'-,149500
2022-07-18,박군상회,4,24000
2022-07-18,뽕잎냉면 샤브샤브 칼국수,7,90300
2022-07-19,아우랑횟집,5,135000
2022-07-20,토종능이버섯백숙,6,112000
2022-07-21,누구나홀딱반한닭 은,5,100900
2022-07-21,풍천장어 응암점,7,116000
2022-07-22,이마트24 은평구청,5,52570
2022-07-22,행복나무 F&B,7,92000
2022-07-25,삿뽀로 녹번점,40,1148000
2022-07-25,정,2,20000
2022-07-27,진흥마켓,-,42100
2022-07-27,통나무집,8,162000
2022-07-27,행복나무 F&B,7,68000
2022-07-29,롯데리아 녹번점,5,48100
2022-07-29,써브웨이은평구청점,5,100000
2022-08-02,보리네 생고깃간,8,93000
2022-08-02,오이삐,8,120500
2022-08-03,사이,5,42000
2022-08-03,삿뽀로 녹번점,13,374000
2022-08-05,참맛어울림,7,141000
2022-08-08,메밀이생각날때,5,82000
2022-08-08,오이삐,8,89000
2022-08-08,칡산에 황제보쌈,6,90000
2022-08-11,풍천장어 응암점,8,192000
2022-08-12,백년백세삼계탕,5,70000
2022-08-12,정,2,37000
2022-08-16,모두와 돈까스,5,50000
2022-08-16,충무칼국수,5,69000
2022-08-17,어가초밥,5,112000
2022-08-18,뚜레쥬르 은평구청점,5,45900
2022-08-19,산도토리 임자탕,8,74000
2022-08-22,진흥마켓,'-,59560
2022-08-22,최부자,3,24000
2022-08-23,최부자,9,72000
2022-08-24,참치애난,16,128000
2022-08-25,저스트텐동앤경양카츠,4,59600
2022-08-26,보리네 생고깃간,8,128000
2022-08-26,이디야 응암역점,26,73000
2022-08-26,충무칼국수,8,110000
2022-08-26,칡산에 황제보쌈,26,390000
2022-08-29,토박이부대찌개전문점,6,72000
2022-08-30,저스트텐동앤경양카츠,6,84400
2022-08-31,백년백세삼계탕,6,84000
2022-08-31,백년백세삼계탕,3,42000
2022-08-31,행복나무 F&B,8,174000
2022-09-01,백년백세삼계탕,7,98000
2022-09-01,보리네 생고깃간,8,165000
2022-09-05,백년백세삼계탕,11,154000
2022-09-05,보리네 생고깃간,8,161000
2022-09-05,장모님해장국,4,48000
2022-09-05,토박이 부대찌개 전문점,4,100000
2022-09-06,백년백세삼계탕,4,112000
2022-09-06,보리네 생고깃간,6,128000
2022-09-06,보리네생고깃간,16,426000
2022-09-06,뽕잎냉면샤브샤브칼국,8,90000
2022-09-06,참치애난,7,56000
2022-09-07,이부장 스시,5,67000
2022-09-13,어가초밥,6,113000
2022-09-13,최부자,7,120000
2022-09-14,기브앤카페,4,20000
2022-09-14,메밀이생각날때,4,36000
2022-09-14,보리네생고깃간,5,100000
2022-09-14,씨유은평구청점,'-,27600
2022-09-14,씨유은평여왕점,'-,130000
2022-09-14,칡산에황제보쌈,4,93000
2022-09-15,녹파랑,3,27000
2022-09-16,뚜레쥬르 은평구청점,'-,70000
2022-09-16,연희김밥 은평구청점,10,70000
2022-09-16,일도에서 이도로,8,187000
2022-09-16,정선할매,5,72000
2022-09-16,즐거운반딧불이,5,14300
2022-09-19,원할머니보쌈 녹번점,4,100000
2022-09-20,잇츠 파스타(EATS PASTA),5,100000
2022-09-21,소백산영주한우,8,180000
2022-09-22,뚜레쥬르 은평구청점,'-,157200
2022-09-22,메밀이 생각날때,4,91000
2022-09-22,진흥마켓,'-,38020
2022-09-23,서오릉피자,50,81000
2022-09-23,애성회관,10,160000
2022-09-23,진흥마켓,50,232240
2022-09-23,행복나무 F&B,4,44000
2022-09-26,소백산영주한우,6,145000
2022-09-26,써브웨이은평구청점,10,70000
2022-09-27,정,5,50000
2022-09-27,화통집 역말사거리점,14,179000
2022-09-29,경복궁 녹번점,5,125000
2022-09-29,행복나무 F&B,7,100000
2022-09-30,산도토리 임자탕,6,63000
2022-09-30,연탄생고기점 녹번점,6,139000
2022-10-04,참치애난,2,20000
2022-10-05,이화수 전통육계장 은평구청점,7,69500
2022-10-05,장모님해장국,4,48000
2022-10-05,참치애난,5,40000
2022-10-06,노량진종합어시장,5,75000
2022-10-06,연탄생고기점 녹번점,7,166000
2022-10-07,보리네 생고깃간,8,206000
2022-10-07,여미향 망개떡 서대,'-,195000
2022-10-11,양가갈매기,10,250000
2022-10-12,진흥마켓,24,22000
2022-10-13,은평 쭈꾸미,5,52000
2022-10-13,진흥마켓,50,124760
2022-10-13,진흥마켓,'-,9700
2022-10-14,여미향 망개떡 서대,'-,90000
2022-10-17,소담,11,138000
2022-10-17,홍루이젠 우물골점,50,99600
2022-10-18,맘스터치 은평구청점,9,75000
2022-10-18,메밀이 생각날때,6,158000
2022-10-19,이화수 전통육계장 은평구청점,4,52000
2022-10-20,누구나 홀딱 반한 닭 은평구청점,5,64800
2022-10-20,써브웨이 은평구청점,6,44200
2022-10-20,어가초밥,8,225000
2022-10-20,진흥마켓,'-,258700
2022-10-21,뚜레쥬르 은평구청점,50,100000
2022-10-21,진흥마켓,50,246490
2022-10-21,최부자,7,150000
2022-10-24,오이삐,4,72000
2022-10-24,오이삐,7,105000
2022-10-24,투썸플레이스주식회사,27,50000
2022-10-25,녹파랑,4,47000
2022-10-25,연탄생고기점 녹번점,8,177000
2022-10-25,저스트텐동앤경양카츠,5,68600
2022-10-25,진흥마켓,4,36070
2022-10-26,아우랑횟집,6,120000
2022-10-26,은평구청구내식당,'-,21600
2022-10-27,설악추어탕한모둠순대국,6,148000
2022-10-27,어가초밥,4,55000
2022-10-28,녹파랑,5,128000
2022-10-28,참맛어울림,10,192000
2022-10-28,최부자,8,150000
2022-10-28,테이크 베이커리 카페,3,14400
2022-10-31,써브웨이 은평구청점,5,46800
2022-10-31,오이삐,8,224000
2022-11-02,김제매운탕,6,171000
2022-11-02,빈티지204,4,25000
2022-11-02,시골홍두깨칼국수,5,103000
2022-11-02,어가초밥,7,188000
2022-11-02,오이삐,8,93000
2022-11-02,오이삐,5,49500
2022-11-02,참치애난,3,24000
2022-11-07,녹파랑,8,181000
2022-11-08,설악추어탕한모듬순대,3,24000
2022-11-08,토종능이버섯백숙,6,104000
2022-11-10,녹파랑,5,56000
2022-11-10,칡산에황제보쌈,7,175000
2022-11-10,풍천장어 응암점,4,68000
2022-11-11,산도토리 임자탕,6,60000
2022-11-11,정,4,38000
2022-11-14,설악추어탕한모듬순대,2,16000
2022-11-14,연탄생고기점 녹번점,8,176000
2022-11-15,잇츠 파스타(EATS PASTA),7,136000
2022-11-15,참치애난,8,100000
2022-11-16,두메골생고기집,4,40000
2022-11-16,메밀이 생각날때,8,200000
2022-11-16,저스트텐동 앤 경양카츠 은평로점,5,65500
2022-11-18,백년백세삼계탕,4,56000
2022-11-18,진흥마켓,15,32350
2022-11-21,스시벅스 응암점,6,72000
2022-11-21,여미향 망개떡 서대,'-,220000
2022-11-21,토박이 부대찌개 전문점,5,100000
2022-11-23,스시벅스 응암점,5,77400
2022-11-23,여미향 망개떡 서대,'-,190000
2022-11-25,누구나홀딱반한닭 은,11,111910
2022-11-25,보리네 생고깃간,8,168000
2022-11-25,산도토리 임자탕,6,65000
2022-11-25,프랭크버거 녹번점,6,61400
2022-11-28,서울복집,8,175000
2022-11-29,뚜레쥬르 은평구청점,'-,464000
2022-11-29,뚜레쥬르 은평구청점,'-,182400
2022-11-29,행복나무 F&B,8,190000
2022-12-01,여미향 망개떡 서대,'-,180000
2022-12-01,운암민물매운탕,4,68000
2022-12-02,두메골생고기집,5,50000
2022-12-02,토박이 부대찌개 전문점,4,36000
2022-12-05,뚜레쥬르 은평구청점,11,71000
2022-12-05,수약국,'-,25000
2022-12-05,여미향 망개떡 서대,'-,140000
2022-12-05,최부자,'-,118000
2022-12-07,써브웨이은평구청점,5,28900
2022-12-07,연희김밥 은평구청점,8,100000
2022-12-07,충무칼국수,8,148000
2022-12-08,설악추어탕한모둠순대국,4,48000
2022-12-08,정정당당/은평,7,187000
2022-12-08,주식회사 아스터리테,7,133950
2022-12-09,풍천장어 응암점,7,102000
2022-12-12,참나무본가은평,10,293000
2022-12-13,동굴괏화로구이,8,143300
2022-12-13,맘스터치 은평구청점,'-,137000
2022-12-13,오레노카츠(불광점),4,36500
2022-12-13,정정당당/은평,8,213000
2022-12-14,백년백세삼계탕,14,210000
2022-12-14,참맛어울림,6,120000
2022-12-15,은평쭈꾸미,'-,168000
2022-12-15,일도에서 이도로,9,242400
2022-12-15,행복나무 F&B,10,245000
2022-12-16,뚜레쥬르 은평구청점,'-,69000
2022-12-16,백년백세삼계탕,6,126000
2022-12-16,이마트은평점,'-,101400
2022-12-19,프랭크버거 녹번점,3,23500
2022-12-20,어랑,7,190000
2022-12-21,삿뽀로 녹번점,8,200000
2022-12-21,이마트은평점,'-,289600
2022-12-22,아우랑횟집,10,250000
2022-12-22,태백산 생고기,8,230000
2022-12-23,보리네생고깃간,8,198000
2022-12-23,오광참치,9,249000
2022-12-23,이베리코흑돼지,10,250000
2022-12-26,매머드익스프레스 은,6,23000
2022-12-26,메밀이생각날때,8,220000
2022-12-26,스시벅스 응암점,8,201000
2022-12-26,오광참치,8,220000
