2022-01-11,올래밥상 금천점,4,"39,000"
2022-01-13,본가집가마솥설렁탕,4,"40,000"
2022-01-14,산촌산쭈꾸미,4,"64,000"
2022-01-17,보승회관,6,"49,000"
2022-01-18,김명태 금천시흥점,4,"57,000"
2022-01-20,남도상차림,4,"59,000"
2022-01-20,이디야 금천롯데마트점,6,"21,500"
2022-01-21,속초코다리찜,5,"55,000"
2022-01-25,곤트란쉐리에,6,"27,700"
2022-01-26,낙지명장,5,"99,000"
2022-01-27,본도시락,6,"55,900"
2022-01-28,돼지집,3,"30,000"
2022-02-08,소명생고기,6,"90,000"
2022-02-10,보승회관,5,"42,000"
2022-02-15,항아리식당,4,"34,000"
2022-02-16,소원가정식,6,"72,000"
2022-02-18,탐나종합어시장,4,"132,000"
2022-02-22,구포국수,3,"37,000"
2022-02-25,신원휘생태탕,6,"96,000"
2022-02-25,금관한우,6,"207,910"
2022-02-28,쿠팡,-,"168,390"
2022-03-04,삼은식당,4,"124,000"
2022-03-07,분짜하노이 금천롯데캐슬점,3,"28,500"
2022-03-08,오고또오고,5,"57,000"
2022-03-10,소명생고기,6,"60,000"
2022-03-11,청평민물매운탕,6,"99,000"
2022-03-14,예소담,5,"61,000"
2022-03-15,보승회관,4,"33,000"
2022-03-16,카오룽,6,"86,500"
2022-03-18,보영정육식당,6,"164,000"
2022-03-18,양천골흑염소요리전문점,6,"124,000"
2022-03-22,소명생고기,6,"168,000"
2022-03-25,본가집가마솥설렁탕,6,"64,000"
2022-03-28,오가네정육점식당,3,"88,000"
2022-03-29,이레향,5,"127,000"
2022-04-01,암소한마리,8,"320,000"
2022-04-15,웰빙건강쌈,5,"154,000"
2022-04-22,고창풍천장어,6,"180,000"
2022-04-26,우리집,5,"35,000"
2022-04-29,금천골 오리명가,6,"54,000"
2022-04-29,막회무침나라,5,"59,000"
2022-04-29,플러버,4,"90,500"
2022-05-03,달쓰브릿지,2,"16,600"
2022-05-03,막회무침나라,5,"165,000"
2022-05-11,고봉민김밥,3,"29,000"
2022-05-12,구구함박,6,"73,500"
2022-05-12,소명생고기,4,"36,000"
2022-05-17,귀빈,6,"48,000"
2022-05-19,생선명가거북명태,4,"40,000"
2022-05-24,소명생고기,5,"130,000"
2022-05-26,국수나무,4,"30,200"
2022-05-27,강강술래,5,"120,000"
2022-06-02,수뿌레닭갈비,3,"80,000"
2022-06-09,쿠팡,-,"149,810"
2022-06-10,속초코다리,5,"80,000"
2022-06-14,남도상차림,4,"88,000"
2022-06-15,두루치기,7,"63,000"
2022-06-17,만랩커피 서초법원점,3,"13,400"
2022-06-23,산골녹두파전,4,"52,000"
2022-06-24,부뚜막청국장,8,"104,000"
2022-06-28,더카페 가산 노블루체,3,"11,200"
2022-06-28,본가집가마솥설렁탕,8,"227,000"
2022-06-30,분짜하노이,4,"38,000"
2022-06-30,서대문김치찜,5,"42,000"
2022-07-01,삼은식당,4,"79,000"
2022-07-05,올래밥상,6,"56,000"
2022-07-08,무교동낙지샤브칼국수,5,"96,000"
2022-07-08,한방삼계명가,6,"84,000"
2022-07-11,본가집가마솥설렁탕,10,"237,000"
2022-07-11,차림인,6,"180,000"
2022-07-13,시골보쌈,7,"56,000"
2022-07-15,채선당,6,"91,400"
2022-07-19,맛쟁이해물아구찜,9,"251,000"
2022-07-22,종가집양반김밥,2,"17,500"
2022-07-28,이레향,4,"115,000"
2022-07-28,채선당,3,"50,600"
2022-07-28,채선당,29,"710,000"
2022-07-29,유월식당,6,"48,000"
2022-07-29,카오룽,4,"56,000"
2022-08-01,유월식당,4,"32,000"
2022-08-03,수라냉면,5,"43,500"
2022-08-10,제주살림,4,"101,000"
2022-08-11,강강술래,5,"130,000"
2022-08-12,유월식당,6,"48,000"
2022-08-17,소명생고기,9,"250,000"
2022-08-18,이화순대국,9,"79,000"
2022-08-23,돼지집,8,"92,000"
2022-08-25,암소한마리,10,"359,000"
2022-08-25,차이나 소원,3,"36,000"
2022-08-26,본가집가마솥설렁탕,7,"136,000"
2022-08-26,함께그린카페,7,"19,000"
2022-09-02,고기원칙,10,"341,500"
2022-09-02,원주옻닭전문점,12,"270,000"
2022-09-05,강강술래,5,"167,000"
2022-09-05,롯데마트,-,"181,630"
2022-09-06,카오룽,6,"76,000"
2022-09-07,깡통삼겹살,6,"165,000"
2022-09-08,동우황태북어국,8,"68,000"
2022-09-15,롯데마트,25,"77,360"
2022-09-15,이화순대국,4,"32,000"
2022-09-22,깡통삼겹살,5,"135,000"
2022-09-22,소용궁,6,"73,000"
2022-09-23,도미노피자,23,"213,800"
2022-09-23,피자헛,38,"386,200"
2022-09-28,본가집가마솥설렁탕,6,"96,000"
2022-09-29,분짜하노이,6,"78,000"
2022-10-06,삼은식당,3,"107,000"
2022-10-11,마쯔일식,5,"164,000"
2022-10-13,파리바게뜨,3,"19,200"
2022-10-14,본가부대찌개양푼갈비,4,"44,000"
2022-10-15,메가커피,4,"14,900"
2022-10-15,파리바게뜨,4,"34,500"
2022-10-16,파리바게뜨,6,"24,000"
2022-10-17,구구함박,5,"51,000"
2022-10-19,신원휘생태탕,7,"91,000"
2022-10-21,스타벅스,8,"60,500"
2022-10-21,이화순대국,6,"51,000"
2022-10-27,광양불고기2호점,6,"199,000"
2022-10-27,두더커피,4,"20,000"
2022-10-27,우리동네청년초밥,4,"39,600"
2022-10-28,홍익돈까스,4,"62,900"
2022-11-03,뉴달하브레드,15,"78,200"
2022-11-03,롯데마트,15,"7,960"
2022-11-07,소명생고기,7,"105,000"
2022-11-07,채선당,3,"38,700"
2022-11-09,춘천옥,5,"144,000"
2022-11-10,강강술래,4,"148,000"
2022-11-11,신원휘생태탕,8,"137,000"
2022-11-15,구포국수,7,"110,000"
2022-11-15,쿠팡,-,"149,510"
2022-11-16,에그셀런트,6,"34,700"
2022-11-17,보승회관,4,"34,000"
2022-11-25,실크로드,16,"433,000"
2022-11-25,우리동네청년초밥,6,"87,200"
2022-11-30,무교동낙지샤브칼국수,4,"82,000"
2022-12-02,롯데마트,13,"29,860"
2022-12-05,동흥관,13,"202,000"
2022-12-09,비스트로딤섬,3,"44,000"
2022-12-09,탐나종합어시장,4,"113,000"
2022-12-13,분짜하노이,4,"37,500"
2022-12-14,통영해물가,10,"250,000"
2022-12-14,파리바게뜨,10,"50,000"
2022-12-15,금나래식당,17,"260,000"
2022-12-15,벨구스토,2,"10,920"
2022-12-15,불타는삼겹살,4,"103,000"
2022-12-16,속초코다리찜,6,"81,000"
2022-12-19,스타벅스,3,"60,000"
2022-12-20,불타는삼겹살,5,"100,000"
2022-12-20,카오룽,4,"64,000"
